﻿<?xml version="1.0" encoding="utf-8"?>
<MD_Metadata xsi:schemaLocation="http://zgate.gsi.go.jp/ch/jmp/ http://zgate.gsi.go.jp/ch/jmp/JMP20.xsd" xmlns:xsi="http://www.w3.org/2001/XMLSchema-instance" xmlns="http://zgate.gsi.go.jp/ch/jmp/" xmlns:jmp20="http://zgate.gsi.go.jp/ch/jmp/">
  <identificationInfo>
    <MD_DataIdentification>
      <citation>
        <title>国土数値情報（空港）　C28-21</title>
        <date>
          <date>2022-03-25</date>
          <dateType>003</dateType>
        </date>
      </citation>
      <abstract>全国の公共用の空港・飛行場の区域（範囲）及びターミナルビル・標点の座標、滑走路、その他の属性情報</abstract>
      <purpose>一般的なGISの利用に供することを目的とする｡</purpose>
      <status>001</status>
      <pointOfContact>
        <organisationName>国土交通省 不動産・建設経済局 情報活用推進課</organisationName>
        <contactInfo>
          <address>
            <country>jpn</country>
          </address>
        </contactInfo>
        <role>002</role>
      </pointOfContact>
      <resourceConstraints>
        <MD_Constraints>
          <useLimitation>利用に当たっての制限は、国土情報利用約款を参照してください。</useLimitation>
        </MD_Constraints>
      </resourceConstraints>
      <descriptiveKeywords>
        <MD_Keywords>
          <keyword>空港</keyword>
          <type>005</type>
        </MD_Keywords>
        <MD_Keywords>
          <keyword>飛行場</keyword>
          <type>005</type>
        </MD_Keywords>
        <MD_Keywords>
          <keyword>国土数値情報</keyword>
          <type>005</type>
        </MD_Keywords>
      </descriptiveKeywords>
      <spatialRepresentationType>001</spatialRepresentationType>
      <spatialResolution>
        <equivalentScale>
          <denominator>25000</denominator>
        </equivalentScale>
      </spatialResolution>
      <language>
        <isoCode>jpn</isoCode>
      </language>
      <characterSet>004</characterSet>
      <topicCategory>018</topicCategory>
      <extent>
        <geographicElement>
          <EX_GeographicBoundingBox>
            <extentTypeCode>1</extentTypeCode>
            <extentReferenceSystem>
              <code>JGD2011 / (B, L)</code>
            </extentReferenceSystem>
            <westBoundLongitude>122.96950600</westBoundLongitude>
            <eastBoundLongitude>144.97717300</eastBoundLongitude>
            <southBoundLatitude>24.05536900</southBoundLatitude>
            <northBoundLatitude>45.45837900</northBoundLatitude>
          </EX_GeographicBoundingBox>
        </geographicElement>
      </extent>
    </MD_DataIdentification>
  </identificationInfo>
  <dataQualityInfo>
    <DQ_DataQuality>
      <scope>
        <level>005</level>
      </scope>
      <lineage>
        <LI_Lineage>
          <statement>国土数値情報（空港）データ、空港一覧（国土交通省航空局ＨＰ）、各空港の空港管理者等のＨＰ、官報（国土交通省の告示）、暦年・年度別空港管理状況調書（国土交通省航空局ＨＰ）などから作成。
平成23年度に、JPGIS1.0フォーマットからGML形式への変換作業を実施し、適宜、修正更新を行っている。</statement>
        </LI_Lineage>
      </lineage>
      <report>
        <DQ_Element>
          <evaluationMethodDescription>令和2年12月31日時点にない空港・標点・ターミナルのデータが存在している場合を過剰とする。評価は外部直接評価法（非自動検査・全数検査）で行う。</evaluationMethodDescription>
          <typeOfQualityEvaluation>001</typeOfQualityEvaluation>
          <result>
            <DQ_ConformanceResult>
              <specification>
                <title>国土数値情報（空港）製品仕様書　第3.0版</title>
                <date>
                  <date>2022-03-25</date>
                  <dateType>003</dateType>
                </date>
              </specification>
              <explanation>誤率0％を合格とする。</explanation>
              <pass>1</pass>
            </DQ_ConformanceResult>
          </result>
        </DQ_Element>
        <DQ_Element>
          <evaluationMethodDescription>令和2年12月31日時点にある空港・標点・ターミナルが１つ以上欠落している場合を漏れとする。評価は外部直接評価法（非自動検査・全数検査）で行う。</evaluationMethodDescription>
          <typeOfQualityEvaluation>002</typeOfQualityEvaluation>
          <result>
            <DQ_ConformanceResult>
              <specification>
                <title>国土数値情報（空港）製品仕様書　第3.0版</title>
                <date>
                  <date>2022-03-25</date>
                  <dateType>003</dateType>
                </date>
              </specification>
              <explanation>誤率0％を合格とする。</explanation>
              <pass>1</pass>
            </DQ_ConformanceResult>
          </result>
        </DQ_Element>
        <DQ_Element>
          <evaluationMethodDescription>空港範囲、標点位置、ターミナル位置の座標値が日本国土の定義域の外にある場合を誤りとする。評価は内部直接評価法（自動検査・全数検査）で行う。</evaluationMethodDescription>
          <typeOfQualityEvaluation>004</typeOfQualityEvaluation>
          <result>
            <DQ_ConformanceResult>
              <specification>
                <title>国土数値情報（空港）製品仕様書　第3.0版</title>
                <date>
                  <date>2022-03-25</date>
                  <dateType>003</dateType>
                </date>
              </specification>
              <explanation>誤率0％を合格とする。</explanation>
              <pass>1</pass>
            </DQ_ConformanceResult>
          </result>
        </DQ_Element>
        <DQ_Element>
          <evaluationMethodDescription>データ集合の書式が、整形式となっていない箇所がある場合を誤りとする。評価は内部直接評価法（自動検査・全数検査）で行う。</evaluationMethodDescription>
          <typeOfQualityEvaluation>005</typeOfQualityEvaluation>
          <result>
            <DQ_ConformanceResult>
              <specification>
                <title>国土数値情報（空港）製品仕様書　第3.0版</title>
                <date>
                  <date>2022-03-25</date>
                  <dateType>003</dateType>
                </date>
              </specification>
              <explanation>誤率0％を合格とする。</explanation>
              <pass>1</pass>
            </DQ_ConformanceResult>
          </result>
        </DQ_Element>
        <DQ_Element>
          <evaluationMethodDescription>標点の座標値が、参照データと一致しない場合誤りとする。評価は外部直接評価法（非自動検査・全数検査）で行う。</evaluationMethodDescription>
          <typeOfQualityEvaluation>007</typeOfQualityEvaluation>
          <result>
            <DQ_ConformanceResult>
              <specification>
                <title>国土数値情報（空港）製品仕様書　第3.0版</title>
                <date>
                  <date>2022-03-25</date>
                  <dateType>003</dateType>
                </date>
              </specification>
              <explanation>誤率0％を合格とする。</explanation>
              <pass>1</pass>
            </DQ_ConformanceResult>
          </result>
        </DQ_Element>
        <DQ_Element>
          <evaluationMethodDescription>次の場合を誤りとする。地物属性「行政区域コード」の内容、表記が正確でない場合。地物属性「種別」の内容、表記が正確でない場合。地物属性「供用中・建設中・休止中の区別」の内容、表記が正確でない場合。地物属性「名称」の内容、表記が正確でない場合。地物属性「設置者」の内容、表記が正確でない場合。地物属性「管理者」の内容、表記が正確でない場合。地物属性「特定飛行場の指定状況」の内容、表記が正確でない場合。地物属性「運用時間（開始）」の内容、表記が正確でない場合。地物属性「運用時間（終了）」の内容、表記が正確でない場合。地物属性「定期便の有無」の内容、表記が正確でない場合。評価は外部直接評価法（非自動検査・全数検査）で行う。</evaluationMethodDescription>
          <typeOfQualityEvaluation>014</typeOfQualityEvaluation>
          <result>
            <DQ_ConformanceResult>
              <specification>
                <title>国土数値情報（空港）製品仕様書　第3.0版</title>
                <date>
                  <date>2022-03-25</date>
                  <dateType>003</dateType>
                </date>
              </specification>
              <explanation>誤率0％を合格とする。</explanation>
              <pass>1</pass>
            </DQ_ConformanceResult>
          </result>
        </DQ_Element>
        <DQ_Element>
          <evaluationMethodDescription>符号化仕様が規定するXMLスキーマに対するデータ集合に矛盾が存在する場合を誤りとする。評価は内部直接評価法（自動検査・全数検査）で行う。</evaluationMethodDescription>
          <typeOfQualityEvaluation>003</typeOfQualityEvaluation>
          <result>
            <DQ_ConformanceResult>
              <specification>
                <title>国土数値情報（空港）製品仕様書　第3.0版</title>
                <date>
                  <date>2022-03-25</date>
                  <dateType>003</dateType>
                </date>
              </specification>
              <explanation>誤率0％を合格とする。</explanation>
              <pass>1</pass>
            </DQ_ConformanceResult>
          </result>
        </DQ_Element>
        <DQ_Element>
          <evaluationMethodDescription>XML文書として記録されるデータ集合がもつ位相関係を含む幾何学属性に矛盾がある場合を誤りとする。また、空港ポリゴンが該当の行政区域の範囲内に存在していない場合、ターミナルの座標が該当する空港に囲まれる範囲内に存在していない場合誤りとする。評価は内部直接評価法（自動検査・全数検査）で行う。</evaluationMethodDescription>
          <typeOfQualityEvaluation>006</typeOfQualityEvaluation>
          <result>
            <DQ_ConformanceResult>
              <specification>
                <title>国土数値情報（空港）製品仕様書　第3.0版</title>
                <date>
                  <date>2022-03-25</date>
                  <dateType>003</dateType>
                </date>
              </specification>
              <explanation>誤率0％を合格とする。</explanation>
              <pass>1</pass>
            </DQ_ConformanceResult>
          </result>
        </DQ_Element>
        <DQ_Element>
          <evaluationMethodDescription>データ集合と参照データとの比較を行い、地物型が正しく特定されていないデータがある場合を誤りとする。評価は外部直接評価法（非自動検査・全数検査）で行う。&lt;/</evaluationMethodDescription>
          <typeOfQualityEvaluation>013</typeOfQualityEvaluation>
          <result>
            <DQ_ConformanceResult>
              <specification>
                <title>国土数値情報（空港）製品仕様書　第3.0版</title>
                <date>
                  <date>2022-03-25</date>
                  <dateType>003</dateType>
                </date>
              </specification>
              <explanation>誤率0％を合格とする。</explanation>
              <pass>1</pass>
            </DQ_ConformanceResult>
          </result>
        </DQ_Element>
        <DQ_Element>
          <evaluationMethodDescription>次の場合を誤りとする。地物属性「滑走路延長」の内容、表記が正確でない場合。地物属性「滑走路幅」の内容、表記が正確でない場合。地物属性「1日あたりの着陸回数」の内容、表記が正確でない場合。地物属性「1日あたりの乗降客数」の内容、表記が正確でない場合。評価は外部直接評価法（非自動検査・全数検査）で行う。</evaluationMethodDescription>
          <typeOfQualityEvaluation>015</typeOfQualityEvaluation>
          <result>
            <DQ_ConformanceResult>
              <specification>
                <title>国土数値情報（空港）製品仕様書　第3.0版</title>
                <date>
                  <date>2022-03-25</date>
                  <dateType>003</dateType>
                </date>
              </specification>
              <explanation>誤率0％を合格とする。</explanation>
              <pass>1</pass>
            </DQ_ConformanceResult>
          </result>
        </DQ_Element>
      </report>
    </DQ_DataQuality>
  </dataQualityInfo>
  <distributionInfo>
    <MD_Distribution>
      <distributionFormat>
        <MD_Format>
          <name>XML</name>
          <version>JPGIS 2014(GML)</version>
        </MD_Format>
      </distributionFormat>
      <transferOptions>
        <MD_DigitalTransferOptions>
          <onLine>
            <linkage>http://nlftp.mlit.go.jp/ksj/</linkage>
            <description>空港等の国土数値情報を無償で一般公開しています。</description>
          </onLine>
        </MD_DigitalTransferOptions>
      </transferOptions>
    </MD_Distribution>
  </distributionInfo>
  <referenceSystemInfo>
    <MD_ReferenceSystem>
      <referenceSystemIdentifier>
        <authority>
          <title>測量法施行令（昭和24年政令第322号）</title>
          <date>
            <date>2011-10-21</date>
            <dateType>003</dateType>
          </date>
        </authority>
        <code>JGD2011 / (B,L)</code>
      </referenceSystemIdentifier>
    </MD_ReferenceSystem>
  </referenceSystemInfo>
  <fileIdentifier>KS-META-C28-21.xml</fileIdentifier>
  <language>
    <isoCode>jpn</isoCode>
  </language>
  <characterSet>004</characterSet>
  <hierarchyLevel>005</hierarchyLevel>
  <contact>
    <organisationName>国土情報提供サイト運営事務局</organisationName>
    <contactInfo>
      <onlineResource>
        <linkage>http://nlftp.mlit.go.jp/inquiry.html</linkage>
        <description>お問合せは国土情報提供サイト運営事務局まで</description>
      </onlineResource>
      <hoursOfService>メールによる問い合わせは24時間受け付けています。</hoursOfService>
      <contactInstructions>国土数値情報に関するお問い合わせは、なるべくメールでお願いします。</contactInstructions>
    </contactInfo>
    <role>007</role>
  </contact>
  <dateStamp>2022-03-25</dateStamp>
  <metadataStandardName>JMP</metadataStandardName>
  <metadataStandardVersion>2.0</metadataStandardVersion>
</MD_Metadata>